{
  "sweep_params": {
    "Cc1": [
      1e-15,
      1.0500000000000001e-14,
      2e-14
    ],
    "Cc2": [
      1e-15,
      1.0500000000000001e-14,
      2e-14
    ]
  },
  "fixed_params": {
    "d": 0.007,
    "Ctog1": 1e-14,
    "Ctog2": 1e-14,
    "Z0": 50.0,
    "analytical_Z0": 45.926
  },
  "results": [
    {
      "_sweep_point": {
        "Cc1": 1e-15,
        "Cc2": 1e-15
      },
      "CPW f0 S11 (GHz)": 8.434556,
      "CPW f0 S22 (GHz)": 8.434556,
      "CPW kappa S11 (MHz)": 0.011964372773170471,
      "CPW kappa S22 (MHz)": 0.011964372773170471,
      "Foster f0 S11 (GHz)": 8.434562,
      "Foster f0 S22 (GHz)": 8.434562,
      "Foster kappa S11 (MHz)": 0.005299702724456787,
      "Foster kappa S22 (MHz)": 0.005299702724456787,
      "Foster f0 error S11 (%)": 7.113593174391527e-05,
      "Foster f0 error S22 (%)": 7.113593174391527e-05,
      "Foster kappa error S11 (%)": 55.704299548898085,
      "Foster kappa error S22 (%)": 55.704299548898085,
      "Optimized f0 S11 (GHz)": 8.434556,
      "Optimized f0 S22 (GHz)": 8.434556,
      "Optimized kappa S11 (MHz)": 0.011954966703414917,
      "Optimized kappa S22 (MHz)": 0.011954966703414917,
      "Optimized f0 error S11 (%)": 0.0,
      "Optimized f0 error S22 (%)": 0.0,
      "Optimized kappa error S11 (%)": 0.07861732440038025,
      "Optimized kappa error S22 (%)": 0.07861732440038025,
      "Analytical f0 S11 (GHz)": 8.435,
      "Analytical f0 S22 (GHz)": 8.435,
      "Analytical kappa S11 (MHz)": 0.00833593455696106,
      "Analytical kappa S22 (MHz)": 0.00833593455696106,
      "Analytical f0 error S11 (%)": 0.005264058949871088,
      "Analytical f0 error S22 (%)": 0.005264058949871088,
      "Analytical kappa error S11 (%)": 30.32702411568126,
      "Analytical kappa error S22 (%)": 30.32702411568126
    },
    {
      "_sweep_point": {
        "Cc1": 1e-15,
        "Cc2": 1.0500000000000001e-14
      },
      "CPW f0 S11 (GHz)": 8.372416557562785,
      "CPW f0 S22 (GHz)": 8.372369330878024,
      "CPW kappa S11 (MHz)": 3.6843229080047606,
      "CPW kappa S22 (MHz)": 3.6843229087524416,
      "Foster f0 S11 (GHz)": 8.373088644088542,
      "Foster f0 S22 (GHz)": 8.373041793712027,
      "Foster kappa S11 (MHz)": 3.6339925623311995,
      "Foster kappa S22 (MHz)": 3.6339925620527267,
      "Foster f0 error S11 (%)": 0.008027389955292124,
      "Foster f0 error S22 (%)": 0.00803192988061238,
      "Foster kappa error S11 (%)": 1.366067712583244,
      "Foster kappa error S22 (%)": 1.3660677401579102,
      "Optimized f0 S11 (GHz)": 8.372416557562785,
      "Optimized f0 S22 (GHz)": 8.372369142723901,
      "Optimized kappa S11 (MHz)": 3.684698610751152,
      "Optimized kappa S22 (MHz)": 3.684698610942841,
      "Optimized f0 error S11 (%)": 0.0,
      "Optimized f0 error S22 (%)": 2.2473223045579606e-06,
      "Optimized kappa error S11 (%)": 0.010197334918039463,
      "Optimized kappa error S22 (%)": 0.010197319825215522,
      "Analytical f0 S11 (GHz)": 8.37466537563553,
      "Analytical f0 S22 (GHz)": 8.374619466029626,
      "Analytical kappa S11 (MHz)": 3.5623096654806137,
      "Analytical kappa S22 (MHz)": 3.5623096652946473,
      "Analytical f0 error S11 (%)": 0.026859844553649197,
      "Analytical f0 error S22 (%)": 0.026875727320142238,
      "Analytical kappa error S11 (%)": 3.3116869929900665,
      "Analytical kappa error S22 (%)": 3.3116870176590854
    },
    {
      "_sweep_point": {
        "Cc1": 1e-15,
        "Cc2": 2e-14
      },
      "CPW f0 S11 (GHz)": 8.311557220361866,
      "CPW f0 S22 (GHz)": 8.311228218948946,
      "CPW kappa S11 (MHz)": 13.014257371149062,
      "CPW kappa S22 (MHz)": 13.014257369680404,
      "Foster f0 S11 (GHz)": 8.313173647505748,
      "Foster f0 S22 (GHz)": 8.312848633988741,
      "Foster kappa S11 (MHz)": 12.788564075285912,
      "Foster kappa S22 (MHz)": 12.788564074575424,
      "Foster f0 error S11 (%)": 0.019447945806370357,
      "Foster f0 error S22 (%)": 0.01949669768543904,
      "Foster kappa error S11 (%)": 1.7342003421838312,
      "Foster kappa error S22 (%)": 1.7342003365538396,
      "Optimized f0 S11 (GHz)": 8.311557885011185,
      "Optimized f0 S22 (GHz)": 8.311226889650309,
      "Optimized kappa S11 (MHz)": 13.01305020661354,
      "Optimized kappa S22 (MHz)": 13.013050206106186,
      "Optimized f0 error S11 (%)": 7.996688238699754e-06,
      "Optimized f0 error S22 (%)": 1.5994009577985828e-05,
      "Optimized kappa error S11 (%)": 0.009275708179850429,
      "Optimized kappa error S22 (%)": 0.009275700794354235,
      "Analytical f0 S11 (GHz)": 8.315836232677782,
      "Analytical f0 S22 (GHz)": 8.315516536355329,
      "Analytical kappa S11 (MHz)": 12.559040197695731,
      "Analytical kappa S22 (MHz)": 12.559040197979927,
      "Analytical f0 error S11 (%)": 0.05148267890682302,
      "Analytical f0 error S22 (%)": 0.051596674924721427,
      "Analytical kappa error S11 (%)": 3.4978344170639266,
      "Analytical kappa error S22 (%)": 3.497834403989941
    },
    {
      "_sweep_point": {
        "Cc1": 1.0500000000000001e-14,
        "Cc2": 1e-15
      },
      "CPW f0 S11 (GHz)": 8.372369330878028,
      "CPW f0 S22 (GHz)": 8.372416557562783,
      "CPW kappa S11 (MHz)": 3.684322908554077,
      "CPW kappa S22 (MHz)": 3.6843229079875948,
      "Foster f0 S11 (GHz)": 8.373041793711947,
      "Foster f0 S22 (GHz)": 8.373088644088456,
      "Foster kappa S11 (MHz)": 3.6339925622825624,
      "Foster kappa S22 (MHz)": 3.633992562310219,
      "Foster f0 error S11 (%)": 0.008031929879615183,
      "Foster f0 error S22 (%)": 0.008027389954294938,
      "Foster kappa error S11 (%)": 1.3660677286092489,
      "Foster kappa error S22 (%)": 1.3660677126931475,
      "Optimized f0 S11 (GHz)": 8.372369142723906,
      "Optimized f0 S22 (GHz)": 8.372416557562783,
      "Optimized kappa S11 (MHz)": 3.6844288458652494,
      "Optimized kappa S22 (MHz)": 3.684428845929146,
      "Optimized f0 error S11 (%)": 2.2473222833410643e-06,
      "Optimized f0 error S22 (%)": 0.0,
      "Optimized kappa error S11 (%)": 0.002875353594184847,
      "Optimized kappa error S22 (%)": 0.0028753707043846655,
      "Analytical f0 S11 (GHz)": 8.374619466029356,
      "Analytical f0 S22 (GHz)": 8.374665375635253,
      "Analytical kappa S11 (MHz)": 3.5623096653957367,
      "Analytical kappa S22 (MHz)": 3.5623096654558184,
      "Analytical f0 error S11 (%)": 0.026875727316874827,
      "Analytical f0 error S22 (%)": 0.0268598445503606,
      "Analytical kappa error S11 (%)": 3.3116870097096047,
      "Analytical kappa error S22 (%)": 3.311686993212574
    },
    {
      "_sweep_point": {
        "Cc1": 1.0500000000000001e-14,
        "Cc2": 1.0500000000000001e-14
      },
      "CPW f0 S11 (GHz)": 8.31109,
      "CPW f0 S22 (GHz)": 8.31109,
      "CPW kappa S11 (MHz)": 0.10993869300937653,
      "CPW kappa S22 (MHz)": 0.10993869300937653,
      "Foster f0 S11 (GHz)": 8.31285,
      "Foster f0 S22 (GHz)": 8.31285,
      "Foster kappa S11 (MHz)": 0.06935502031230927,
      "Foster kappa S22 (MHz)": 0.06935502031230927,
      "Foster f0 error S11 (%)": 0.021176524378861205,
      "Foster f0 error S22 (%)": 0.021176524378861205,
      "Foster kappa error S11 (%)": 36.9148218758667,
      "Foster kappa error S22 (%)": 36.9148218758667,
      "Optimized f0 S11 (GHz)": 8.31109,
      "Optimized f0 S22 (GHz)": 8.31109,
      "Optimized kappa S11 (MHz)": 0.11019163606262207,
      "Optimized kappa S22 (MHz)": 0.11019163606262207,
      "Optimized f0 error S11 (%)": 0.0,
      "Optimized f0 error S22 (%)": 0.0,
      "Optimized kappa error S11 (%)": 0.23007646018128597,
      "Optimized kappa error S22 (%)": 0.23007646018128597,
      "Analytical f0 S11 (GHz)": 8.315518,
      "Analytical f0 S22 (GHz)": 8.315518,
      "Analytical kappa S11 (MHz)": 0.10397539015579224,
      "Analytical kappa S22 (MHz)": 0.10397539015579224,
      "Analytical f0 error S11 (%)": 0.053278210198671475,